Id,Neighborhood,SalePrice,house_rank
10,BrkSide,118000.00,1
3,CollgCr,223500.00,1
1,CollgCr,208500.00,2
4,Crawfor,140000.00,1
6,Mitchel,143000.00,1
13,NAmes,185000.00,1
12,NAmes,144000.00,2
11,NoRidge,345000.00,1
7,NoRidge,307000.00,2
5,NoRidge,250000.00,3
15,NridgHt,450000.00,1
14,NridgHt,230000.00,2
9,OldTown,129900.00,1
8,Somerst,200000.00,1
2,Veenker,181500.00,1
